season,season_name,journey_team,journey_color,stop_index,name,longitude,latitude,when_start,when_end,video_episode,video_start,video_end,players_override,additional_players,notes,end_of_day
5,Race to the End of the World,Sam Denby; Toby Hendy,#7B1FA2,0,Season 5 Cape Reinga Starting Spot,172.677479176482,-34.4266596027874,,,,,,,,The starting point of Jet Lag: New Zealand (Season 5)\nMembers who visited:\n1) Sam\n2) Toby\n3) Adam\n4) Ben,
5,Race to the End of the World,Sam Denby; Toby Hendy,#7B1FA2,1,Cape Reinga Parking Area,172.6822688,-34.4300349,,,,,,,,Present in Jet Lag: New Zealand (Season 5)\nMembers who visited:\n1) Sam\n2) Toby\n3) Adam\n4) Ben,
5,Race to the End of the World,Sam Denby; Toby Hendy,#7B1FA2,2,Parking Sand Dunes,172.773499129508,-34.5242847688932,,,,,,,,Present in Jet Lag: New Zealand (Season 5) \nMembers who visited:\n1) Sam\n2) Toby\n3) Adam\n4) Ben\nChallenge: Sandboard at Te Paki Sand Dunes,
5,Race to the End of the World,Sam Denby; Toby Hendy,#7B1FA2,3,Giant Sand Dunes,172.77394,-34.5248998,,,,,,,,Present in Jet Lag: New Zealand (Season 5) \nMembers who visited:\n1) Sam\n2) Toby\n3) Adam\n4) Ben\nChallenge: Sandboard at Te Paki Sand Dunes,
5,Race to the End of the World,Sam Denby; Toby Hendy,#7B1FA2,4,Coopers Beach Playground,173.511223,-34.99077,,,,,,,,Present in Jet Lag: New Zealand (Season 5) \nMembers who visited:\n1) Sam\n2) Toby\nChallenge: Dig a lucky hole at Coopers Beach,
5,Race to the End of the World,Sam Denby; Toby Hendy,#7B1FA2,5,Coopers Beach,173.5118516,-34.9900031,,,,,,,,Present in Jet Lag: New Zealand (Season 5) \nMembers who visited:\n1) Sam\n2) Toby\nChallenge: Dig a lucky hole at Coopers Beach,
5,Race to the End of the World,Sam Denby; Toby Hendy,#7B1FA2,6,Four Square Kaeo,173.7806157,-35.1005271,,,,,,,,Present in Jet Lag: New Zealand (Season 5) \nMembers who visited:\n1) Sam\n2) Toby\nChallenge: Win the lottery in Kaeo,
5,Race to the End of the World,Sam Denby; Toby Hendy,#7B1FA2,7,Rainbow Falls NZMCA Park,173.9428643,-35.2131573,,,,,,,,Present in Jet Lag: New Zealand (Season 5) \nMembers who visited:\n1) Sam\n2) Toby\nChallenge: Take a lucky swim at Rainbow Falls,
5,Race to the End of the World,Sam Denby; Toby Hendy,#7B1FA2,8,Sam and Toby Tane Mahuta Car Park Spot,173.528266510303,-35.6005369891303,,,,,,,,Present in Jet Lag: New Zealand (Season 5) \nMembers who visited:\n1) Sam\n2) Toby\nChallenge: Admire Tāne Mahuta,
5,Race to the End of the World,Sam Denby; Toby Hendy,#7B1FA2,9,Tane Mahuta,173.5272196,-35.6008767,,,,,,,,Present in Jet Lag: New Zealand (Season 5) \nMembers who visited:\n1) Sam\n2) Toby\nChallenge: Admire Tāne Mahuta,
5,Race to the End of the World,Sam Denby; Toby Hendy,#7B1FA2,10,Sam and Toby Kai Iwi Lakes Car Park Spot,173.662521446265,-35.8092380218529,,,,,,,,Present in Jet Lag: New Zealand (Season 5) \nMembers who visited:\n1) Sam\n2) Toby\nChallenge: Make a new friend at Kai Iwi Lakes,
5,Race to the End of the World,Sam Denby; Toby Hendy,#7B1FA2,11,Lake Taharoa,173.6494727,-35.8062587,,,,,,,,Present in Jet Lag: New Zealand (Season 5) \nMembers who visited:\n1) Sam\n2) Toby\nChallenge: Make a new friend at Kai Iwi Lakes,
5,Race to the End of the World,Sam Denby; Toby Hendy,#7B1FA2,12,Sam and Toby Tokatoka Parking Spot,173.977232402937,-36.0584144793135,,,,,,,,Present in Jet Lag: New Zealand (Season 5) \nMembers who visited:\n1) Sam\n2) Toby\nChallenge: Give your partner a genuine compliment at Tokatoka Peak,
5,Race to the End of the World,Sam Denby; Toby Hendy,#7B1FA2,13,Tokatoka Lookout Track,173.9772556,-36.0586177,,,,,,,,Present in Jet Lag: New Zealand (Season 5) \nMembers who visited:\n1) Sam\n2) Toby\nChallenge: Give your partner a genuine compliment at Tokatoka Peak,
5,Race to the End of the World,Sam Denby; Toby Hendy,#7B1FA2,14,Tokatoka Peak Lookout,173.975138,-36.057161,,,,,,,,Present in Jet Lag: New Zealand (Season 5) \nMembers who visited:\n1) Sam\n2) Toby\nChallenge: Give your partner a genuine compliment at Tokatoka Peak,
5,Race to the End of the World,Sam Denby; Toby Hendy,#7B1FA2,15,Sam and Toby Closing Door Spot,174.268275664244,-36.1100873488905,,,,,,,,Present in Jet Lag: New Zealand (Season 5) \nMembers who visited:\n1) Sam\n2) Toby\nThe spot where Toby pulls over to close her car door,
5,Race to the End of the World,Sam Denby; Toby Hendy,#7B1FA2,16,Roadblock #1 Spot,174.513021,-36.274129,,,,,,,,Present in Jet Lag: New Zealand (Season 5) \nMembers who visited:\n1) Sam\n2) Toby\n3) Adam\n4) Ben\nThe spot where Toby deployed the first roadblock of Season 5\nRoadblock: Destroy one ring,
5,Race to the End of the World,Sam Denby; Toby Hendy,#7B1FA2,17,Sam and Toby Centennial Park Parking Lot,174.530806614816,-36.3014614215262,,,,,,,,Present in Jet Lag: New Zealand (Season 5) \nMembers who visited:\n1) Sam\n2) Toby\nChallenge: Score a drop goal at Centennial Park,
5,Race to the End of the World,Sam Denby; Toby Hendy,#7B1FA2,18,Centennial Park,174.5320567,-36.3013679,,,,,,,,Present in Jet Lag: New Zealand (Season 5) \nMembers who visited:\n1) Sam\n2) Toby\nChallenge: Score a drop goal at Centennial Park,
5,Race to the End of the World,Sam Denby; Toby Hendy,#7B1FA2,19,Roadblock #2 Spot,174.671204,-36.510617,,,,,,,,Present in Jet Lag: New Zealand (Season 5) \nMembers who visited:\n1) Sam\n2) Toby\n3) Adam\n4) Ben\nThe spot where Toby deployed the second roadblock of Season 5\nRoadblock: Handstand for 60 seconds,
5,Race to the End of the World,Sam Denby; Toby Hendy,#7B1FA2,20,Sam and Toby Ending Spot Day 1,174.6638611,-36.6266389,,,,,,,,Present in Jet Lag: New Zealand (Season 5) \nMembers who visited:\n1) Sam\n2) Toby\nThe point where Sam and Toby end for Day #1,1
5,Race to the End of the World,Sam Denby; Toby Hendy,#7B1FA2,21,Sam and Toby Megazone Car Park,174.664259148462,-36.6353367190706,,,,,,,,Present in Jet Lag: New Zealand (Season 5) \nMembers who visited:\n1) Sam\n2) Toby\nChallenge: Have 30 minutes of fun at the Megazone,
5,Race to the End of the World,Sam Denby; Toby Hendy,#7B1FA2,22,Megazone Laser Tag,174.6643218,-36.6349563,,,,,,,,Present in Jet Lag: New Zealand (Season 5) \nMembers who visited:\n1) Sam\n2) Toby\nChallenge: Have 30 minutes of fun at the Megazone,
5,Race to the End of the World,Sam Denby; Toby Hendy,#7B1FA2,23,Sam and Toby Megazone Bench,174.664764292476,-36.6350943640346,,,,,,,,Present in Jet Lag: New Zealand (Season 5) \nMembers who visited:\n1) Sam\n2) Toby\nChallenge: Have 30 minutes of fun at the Megazone\nNote: The bench in the video has been moved in Google Earth,
5,Race to the End of the World,Sam Denby; Toby Hendy,#7B1FA2,24,McDonald's Wairau Road,174.7402419,-36.7721119,,,,,,,,Present in Jet Lag: New Zealand (Season 5) \nMembers who visited:\n1) Sam\n2) Toby\nCurse: Eat at the next visible McDonald's (Sam and Toby),
5,Race to the End of the World,Sam Denby; Toby Hendy,#7B1FA2,25,Skycity Parking,174.7618127,-36.8497689,,,,,,,,Present in Jet Lag: New Zealand (Season 5) \nMembers who visited:\n1) Sam\n2) Toby\nCurse: Eat at the next visible McDonald's (Sam and Toby),
5,Race to the End of the World,Sam Denby; Toby Hendy,#7B1FA2,26,Sky Tower,174.762191,-36.848448,,,,,,,,Present in Jet Lag: New Zealand (Season 5) \nMembers who visited:\n1) Sam\n2) Toby\n3) Adam\n4) Ben\nThe location of the first successful Nerf shot by Adam on Sam\nChallenge: Destroy 5 rings at 5 volcanoes \nCurse: Only walk forward after rolling a die (Adam and Ben)\nCurse: Eat at the next visible McDonald's (Sam and Toby),
5,Race to the End of the World,Sam Denby; Toby Hendy,#7B1FA2,27,Albert Park,174.7678881,-36.8506426,,,,,,,,Present in Jet Lag: New Zealand (Season 5) \nMembers who visited:\n1) Sam\n2) Toby\n3) Adam\n4) Ben\nChallenge: Destroy 5 rings at 5 volcanoes\nCurse: Only walk forward after rolling a die (Adam and Ben)\nCurse: Eat at the next visible McDonald's (Sam and Toby),
5,Race to the End of the World,Sam Denby; Toby Hendy,#7B1FA2,28,McDonald's Queen Street,174.7649872,-36.8502279,,,,,,,,Present in Jet Lag: New Zealand (Season 5) \nMembers who visited:\n1) Sam\n2) Toby\nChallenge: Destroy 5 rings at 5 volcanoes\nCurse: Eat at the next visible McDonald's (Sam and Toby),
5,Race to the End of the World,Sam Denby; Toby Hendy,#7B1FA2,29,Auckland Domain,174.7754857,-36.858931,,,,,,,,Present in Jet Lag: New Zealand (Season 5) \nMembers who visited:\n1) Sam\n2) Toby\n3) Adam\n4) Ben\nChallenge: Destroy 5 rings at 5 volcanoes\nCurse: Only walk forward after rolling a die (Adam and Ben)\nCurse: Eat at the next visible McDonald's (Sam and Toby),
5,Race to the End of the World,Sam Denby; Toby Hendy,#7B1FA2,30,Nerf Spot #2,174.762024720733,-36.8498881826686,,,,,,,,Present in Jet Lag: New Zealand (Season 5) \nMembers who visited:\n1) Sam\n2) Toby\n3) Adam\n4) Ben\nThe location of the second successful Nerf shot by Sam on Adam\nChallenge: Destroy 5 rings at 5 volcanoes\nCurse: Only walk forward after rolling a die (Adam and Ben)\nCurse: Eat at the next visible McDonald's (Sam and Toby),
5,Race to the End of the World,Sam Denby; Toby Hendy,#7B1FA2,31,Secure Parking - 67 Symonds Street Car Park,174.764833025848,-36.8569461361379,,,,,,,,Present in Jet Lag: New Zealand (Season 5) \nMembers who visited:\n1) Sam\n2) Toby\nChallenge: Destroy 5 rings at 5 volcanoes\nCurse: Eat at the next visible McDonald's (Sam and Toby),
5,Race to the End of the World,Sam Denby; Toby Hendy,#7B1FA2,32,Sam and Toby Grafton Spot,174.764402605189,-36.8574231716398,,,,,,,,Present in Jet Lag: New Zealand (Season 5) \nMembers who visited:\n1) Sam\n2) Toby\nChallenge: Destroy 5 rings at 5 volcanoes\nCurse: Eat at the next visible McDonald's (Sam and Toby),
5,Race to the End of the World,Sam Denby; Toby Hendy,#7B1FA2,33,Little Rangitoto Reserve,174.8095355,-36.8756155,,,,,,,,Present in Jet Lag: New Zealand (Season 5) \nMembers who visited:\n1) Sam\n2) Toby\n3) Adam\n4) Ben\nChallenge: Destroy 5 rings at 5 volcanoes\nCurse: Only walk forward after rolling a die (Adam and Ben)\nCurse: Eat at the next visible McDonald's (Sam and Toby),
5,Race to the End of the World,Sam Denby; Toby Hendy,#7B1FA2,34,Sam and Toby Mount Hobson Parking Spot,174.785775308273,-36.8760664038401,,,,,,,,Present in Jet Lag: New Zealand (Season 5) \nMembers who visited:\n1) Sam\n2) Toby\nChallenge: Destroy 5 rings at 5 volcanoes\nCurse: Eat at the next visible McDonald's (Sam and Toby),
5,Race to the End of the World,Sam Denby; Toby Hendy,#7B1FA2,35,Ōhinerau / Mount Hobson,174.7870336,-36.8783204,,,,,,,,Present in Jet Lag: New Zealand (Season 5) \nMembers who visited:\n1) Sam\n2) Toby\nChallenge: Destroy 5 rings at 5 volcanoes\nCurse: Eat at the next visible McDonald's (Sam and Toby),
5,Race to the End of the World,Sam Denby; Toby Hendy,#7B1FA2,36,McDonald's Greenlane,174.7943601,-36.890154,,,,,,,,Present in Jet Lag: New Zealand (Season 5) \nMembers who visited:\n1) Sam\n2) Toby\nCurse: Eat at the next visible McDonald's (Sam and Toby),
5,Race to the End of the World,Sam Denby; Toby Hendy,#7B1FA2,37,Knit World Hamilton,175.2794713,-37.7836222,,,,,,,,Present in Jet Lag: New Zealand (Season 5) \nMembers who visited:\n1) Sam\n2) Toby,
5,Race to the End of the World,Sam Denby; Toby Hendy,#7B1FA2,38,Toby Knitting Spot,175.756600380541,-37.9771497430352,,,,,,,,Present in Jet Lag: New Zealand (Season 5) \nMembers who visited:\n1) Toby\nChallenge: Complete a ZORB track,
5,Race to the End of the World,Sam Denby; Toby Hendy,#7B1FA2,39,BP,175.8719386,-38.215909,,,,,,,,Present in Jet Lag: New Zealand (Season 5) \nMembers who visited:\n1) Sam\n2) Toby\nChallenge: Make cheese in front of the largest cheese factory,
5,Race to the End of the World,Sam Denby; Toby Hendy,#7B1FA2,40,Sam and Toby Cheesemaking Spot,175.825587596341,-38.136735881582,,,,,,,,Present in Jet Lag: New Zealand (Season 5) \nMembers who visited:\n1) Sam\n2) Toby\nChallenge: Make cheese in front of the largest cheese factory,
5,Race to the End of the World,Sam Denby; Toby Hendy,#7B1FA2,41,Huka Falls Car Park,176.088863192139,-38.6495574408056,,,,,,,,Present in Jet Lag: New Zealand (Season 5) \nMembers who visited:\n1) Sam\n2) Toby\nChallenge: Waterfall at Huka Falls,
5,Race to the End of the World,Sam Denby; Toby Hendy,#7B1FA2,42,Huka Falls Bridge,176.0894419,-38.6496786,,,,,,,,Present in Jet Lag: New Zealand (Season 5) \nMembers who visited:\n1) Sam\n2) Toby\nChallenge: Waterfall at Huka Falls,
5,Race to the End of the World,Sam Denby; Toby Hendy,#7B1FA2,43,Sam and Toby Waterfall Bench,176.089084757382,-38.6494043755435,,,,,,,,Present in Jet Lag: New Zealand (Season 5) \nMembers who visited:\n1) Sam\n2) Toby\nChallenge: Waterfall at Huka Falls,
5,Race to the End of the World,Sam Denby; Toby Hendy,#7B1FA2,44,Roadblock #3 Spot,175.493266576841,-39.1602952104277,,,,,,,,Present in Jet Lag: New Zealand (Season 5) \nMembers who visited:\n1) Sam\n2) Toby\n3) Adam\n4) Ben\nThe spot where Toby deployed the third roadblock of Season 5\nRoadblock: Wear a new hat,
5,Race to the End of the World,Sam Denby; Toby Hendy,#7B1FA2,45,New World Supermarket Ohakune,175.399076,-39.4177431,,,,,,,,Present in Jet Lag: New Zealand (Season 5) \nMembers who visited:\n1) Sam\n2) Toby\nChallenge: Eat a carrot at the Ohakune Adventure Park,
5,Race to the End of the World,Sam Denby; Toby Hendy,#7B1FA2,46,Ohakune Carrot Adventure Park Parking Lot,175.403420780893,-39.4203127355782,,,,,,,,Present in Jet Lag: New Zealand (Season 5) \nMembers who visited:\n1) Sam\n2) Toby\nChallenge: Eat a carrot at the Ohakune Adventure Park,
5,Race to the End of the World,Sam Denby; Toby Hendy,#7B1FA2,47,Ohakune Carrot Adventure Park,175.4034257,-39.4200811,,,,,,,,Present in Jet Lag: New Zealand (Season 5) \nMembers who visited:\n1) Sam\n2) Toby\nChallenge: Eat a carrot at the Ohakune Adventure Park,
5,Race to the End of the World,Sam Denby; Toby Hendy,#7B1FA2,48,Ohakune Carrot,175.4038002,-39.4200183,,,,,,,,Present in Jet Lag: New Zealand (Season 5) \nMembers who visited:\n1) Sam\n2) Toby\nChallenge: Eat a carrot at the Ohakune Adventure Park,
5,Race to the End of the World,Sam Denby; Toby Hendy,#7B1FA2,49,Taihape Gumboot Throwing Lane,175.797325585893,-39.6776595333185,,,,,,,,Present in Jet Lag: New Zealand (Season 5) \nMembers who visited:\n1) Sam\n2) Toby\nChallenge: Throw a gumboot at the Taihape Gumboot Throwing Lane,
5,Race to the End of the World,Sam Denby; Toby Hendy,#7B1FA2,50,Sam and Toby Ending Spot Day 2,175.577617271724,-40.220985455588,,,,,,,,Present in Jet Lag: New Zealand (Season 5) \nMembers who visited:\n1) Sam\n2) Toby\nThe point where Sam and Toby end for Day #2,2
5,Race to the End of the World,Sam Denby; Toby Hendy,#7B1FA2,51,Mount Cleese Parking Lot,175.5785556,-40.3900833,,,,,,,,Present in Jet Lag: New Zealand (Season 5) \nMembers who visited:\n1) Sam\n2) Toby\nChallenge: Summit Mount Cleese,
5,Race to the End of the World,Sam Denby; Toby Hendy,#7B1FA2,52,Mt. Cleese,175.578019,-40.3899743,,,,,,,,Present in Jet Lag: New Zealand (Season 5) \nMembers who visited:\n1) Sam\n2) Toby\nChallenge: Summit Mount Cleese,
5,Race to the End of the World,Sam Denby; Toby Hendy,#7B1FA2,53,Roadblock #4 Spot,175.441296733563,-40.5263330413592,,,,,,,,Present in Jet Lag: New Zealand (Season 5) \nMembers who visited:\n1) Sam\n2) Toby\n3) Adam\n4) Ben\nThe spot where Sam and Toby deployed the fourth roadblock of Season 5\nRoadblock: Eat something grape flavored,
5,Race to the End of the World,Sam Denby; Toby Hendy,#7B1FA2,54,Roadblock #5 Spot,175.3149722,-40.6221667,,,,,,,,"Present in Jet Lag: New Zealand (Season 5) \nMembers who visited:\n1) Sam\n2) Toby\n3) Adam\n4) Ben\nThe spot where Sam and Toby deployed the fifth roadblock of Season 5 as well as where Toby violated the No E curse\nChallenge: Lead your teammate through the jungle blindfolded\nRoadblock: Play catch\nCurse: You may not say any words with the letter ""E"" (Sam and Toby)",
5,Race to the End of the World,Sam Denby; Toby Hendy,#7B1FA2,55,Mangaone Walkway South Car Park,175.1322868,-40.8774249,,,,,,,,"Present in Jet Lag: New Zealand (Season 5) \nMembers who visited:\n1) Sam\n2) Toby\nChallenge: Lead your teammate through the jungle blindfolded\nCurse: You may not say any words with the letter ""E"" (Sam and Toby)",
5,Race to the End of the World,Sam Denby; Toby Hendy,#7B1FA2,56,Mangaone Walkway Bridge,175.134993599549,-40.8729684065284,,,,,,,,"Present in Jet Lag: New Zealand (Season 5) \nMembers who visited:\n1) Sam\n2) Toby\nChallenge: Lead your teammate through the jungle blindfolded\nCurse: You may not say any words with the letter ""E"" (Sam and Toby)",
5,Race to the End of the World,Sam Denby; Toby Hendy,#7B1FA2,57,Toby Campaign Spot #1 (Beehive),174.7758056,-41.2785833,,,,,,,,"Present in Jet Lag: New Zealand (Season 5) \nMembers who visited:\n1)  Toby\nChallenge: Run for Prime Minister\nCurse: You may not say any words with the letter ""E"" (Sam and Toby)",
5,Race to the End of the World,Sam Denby; Toby Hendy,#7B1FA2,58,Parking lot,174.7818553,-41.2910514,,,,,,,,"Present in Jet Lag: New Zealand (Season 5) \nMembers who visited:\n1) Sam\n2) Toby\nChallenge: Run for Prime Minister\nCurse: You may not say any words with the letter ""E"" (Sam and Toby)",
5,Race to the End of the World,Sam Denby; Toby Hendy,#7B1FA2,59,Toby Campaign Spot #2 (Te Papa),174.7811389,-41.2905,,,,,,,,"Present in Jet Lag: New Zealand (Season 5) \nMembers who visited:\n1) Sam\n2) Toby\nChallenge: Run for Prime Minister\nCurse: You may not say any words with the letter ""E"" (Sam and Toby)",
5,Race to the End of the World,Sam Denby; Toby Hendy,#7B1FA2,60,Toby Campaign Spot #3 (Waterfront Walk),174.783079689243,-41.2893828721326,,,,,,,,"Present in Jet Lag: New Zealand (Season 5) \nMembers who visited:\n1) Sam\n2) Toby\nChallenge: Run for Prime Minister\nCurse: You may not say any words with the letter ""E"" (Sam and Toby)",
5,Race to the End of the World,Sam Denby; Toby Hendy,#7B1FA2,61,Toby Campaign Spot #4,174.7844167,-41.291,,,,,,,,"Present in Jet Lag: New Zealand (Season 5) \nMembers who visited:\n1) Sam\n2) Toby\nChallenge: Run for Prime Minister\nCurse: You may not say any words with the letter ""E"" (Sam and Toby)",
5,Race to the End of the World,Sam Denby; Toby Hendy,#7B1FA2,62,Waitangi Park,174.7852526,-41.2914566,,,,,,,,"Present in Jet Lag: New Zealand (Season 5) \nMembers who visited:\n1) Toby\nChallenge: Run for Prime Minister\nCurse: You may not say any words with the letter ""E"" (Sam and Toby)",
5,Race to the End of the World,Sam Denby; Toby Hendy,#7B1FA2,63,Wellington Interislander Vehicle Check-in,174.7901923,-41.2620703,,,,,,,,Present in Jet Lag: New Zealand (Season 5) \nMembers who visited:\n1) Sam\n2) Toby\n3) Adam\n4) Ben,
5,Race to the End of the World,Sam Denby; Toby Hendy,#7B1FA2,64,Interislander Ferry,174.7885483,-41.2635737,,,,,,,,Present in Jet Lag: New Zealand (Season 5) \nMembers who visited:\n1) Sam\n2) Toby\n3) Adam\n4) Ben,
5,Race to the End of the World,Sam Denby; Toby Hendy,#7B1FA2,65,Picton Port,174.004960314631,-41.2840118225099,,,,,,,,Present in Jet Lag: New Zealand (Season 5) \nMembers who visited:\n1) Sam\n2) Toby\n3) Adam\n4) Ben,
5,Race to the End of the World,Sam Denby; Toby Hendy,#7B1FA2,66,Hammer Hardware Picton,174.006548,-41.2904783,,,,,,,,"Present in Jet Lag: New Zealand (Season 5) \nMembers who visited:\n1) Sam\n2) Toby\nChallenge: Dock a boat in Picton Memorial Park\nCurse: You may not say any words with the letter ""E"" (Sam and Toby)",
5,Race to the End of the World,Sam Denby; Toby Hendy,#7B1FA2,67,Picton Memorial Park,174.0064799,-41.2881972,,,,,,,,"Present in Jet Lag: New Zealand (Season 5) \nMembers who visited:\n1) Sam\n2) Toby\nChallenge: Dock a boat in Picton Memorial Park\nCurse: You may not say any words with the letter ""E"" (Sam and Toby)",
5,Race to the End of the World,Sam Denby; Toby Hendy,#7B1FA2,68,Sam Picton Boat Building Spot,174.006562225297,-41.2885052982923,,,,,,,,"Present in Jet Lag: New Zealand (Season 5) \nMembers who visited:\n1) Sam\nChallenge: Dock a boat in Picton Memorial Park\nCurse: You may not say any words with the letter ""E"" (Sam and Toby)",
5,Race to the End of the World,Sam Denby; Toby Hendy,#7B1FA2,69,Waitohi bay and swimming area,174.0069389,-41.2877284,,,,,,,,"Present in Jet Lag: New Zealand (Season 5) \nMembers who visited:\n1) Toby\nChallenge: Dock a boat in Picton Memorial Park\nCurse: You may not say any words with the letter ""E"" (Sam and Toby)",
5,Race to the End of the World,Sam Denby; Toby Hendy,#7B1FA2,70,Sam Cake Eating Spot,174.131146321154,-41.7286608332623,,,,,,,,Present in Jet Lag: New Zealand (Season 5) \nMembers who visited:\n1) Sam\nChallenge: Drink cake at a pink lake,
5,Race to the End of the World,Sam Denby; Toby Hendy,#7B1FA2,71,Sam and Toby Ending Spot Day 3,173.5863333,-42.4424722,,,,,,,,Present in Jet Lag: New Zealand (Season 5) \nMembers who visited:\n1) Sam\n2) Toby\nThe point where Sam and Toby end for Day #3\nCurse: Listen to Tom Lehrer's The Element Song on repeat until you reach your next challenge,3
5,Race to the End of the World,Sam Denby; Toby Hendy,#7B1FA2,72,Bunnings Warehouse Parking lot,172.6073374,-43.5386681,,,,,,,,Present in Jet Lag: New Zealand (Season 5) \nMembers who visited:\n1) Sam\n2) Toby\nChallenge: Show a plant the Garden City,
5,Race to the End of the World,Sam Denby; Toby Hendy,#7B1FA2,73,Bunnings Warehouse Riccarton,172.6078605,-43.5383087,,,,,,,,Present in Jet Lag: New Zealand (Season 5) \nMembers who visited:\n1) Sam\n2) Toby\nChallenge: Show a plant the Garden City,
5,Race to the End of the World,Sam Denby; Toby Hendy,#7B1FA2,74,Intenrnation Antarctic Center Parking Lot,172.546800811814,-43.4888728746309,,,,,,,,Present in Jet Lag: New Zealand (Season 5) \nMembers who visited:\n1) Sam\n2) Toby\nChallenge: Show a plant the Garden City,
5,Race to the End of the World,Sam Denby; Toby Hendy,#7B1FA2,75,International Antarctic Centre,172.547093,-43.4884068,,,,,,,,Present in Jet Lag: New Zealand (Season 5) \nMembers who visited:\n1) Sam\n2) Toby\nChallenge: Show a plant the Garden City,
5,Race to the End of the World,Sam Denby; Toby Hendy,#7B1FA2,76,Botanic Gardens Parking lot,172.6208245,-43.5281877,,,,,,,,Present in Jet Lag: New Zealand (Season 5) \nMembers who visited:\n1) Sam\n2) Toby\nChallenge: Show a plant the Garden City,
5,Race to the End of the World,Sam Denby; Toby Hendy,#7B1FA2,77,Christchurch Botanic Gardens,172.6232211,-43.5306989,,,,,,,,Present in Jet Lag: New Zealand (Season 5) \nMembers who visited:\n1) Sam\n2) Toby\nChallenge: Show a plant the Garden City,
5,Race to the End of the World,Sam Denby; Toby Hendy,#7B1FA2,78,Foot Bridge to Christchurch Botanic Garden,172.6205977,-43.5285383,,,,,,,,Present in Jet Lag: New Zealand (Season 5) \nMembers who visited:\n1) Sam\n2) Toby\nChallenge: Show a plant the Garden City,
5,Race to the End of the World,Sam Denby; Toby Hendy,#7B1FA2,79,"Cuningham, Townend and Garrick House",172.6211214,-43.5298811,,,,,,,,Present in Jet Lag: New Zealand (Season 5) \nMembers who visited:\n1) Sam\n2) Toby\nChallenge: Show a plant the Garden City,
5,Race to the End of the World,Sam Denby; Toby Hendy,#7B1FA2,80,Botanic Gardens Tree Stump,172.621311586123,-43.5293685184724,,,,,,,,Present in Jet Lag: New Zealand (Season 5) \nMembers who visited:\n1) Sam\n2) Toby\nChallenge: Show a plant the Garden City,
5,Race to the End of the World,Sam Denby; Toby Hendy,#7B1FA2,81,Sam and Toby Plant Selfie Spot,172.620519332479,-43.5290457292494,,,,,,,,Present in Jet Lag: New Zealand (Season 5) \nMembers who visited:\n1) Sam\n2) Toby\nChallenge: Show a plant the Garden City,
5,Race to the End of the World,Sam Denby; Toby Hendy,#7B1FA2,82,NZ Musuem of Toys & Collectibles Parking Lot,172.63992804434,-43.5380010372482,,,,,,,,Present in Jet Lag: New Zealand (Season 5) \nMembers who visited:\n1) Sam\n2) Toby\nChallenge: Show a plant the Garden City,
5,Race to the End of the World,Sam Denby; Toby Hendy,#7B1FA2,83,NZ Museum of Toys & Collectibles,172.6400227,-43.5382559,,,,,,,,Present in Jet Lag: New Zealand (Season 5) \nMembers who visited:\n1) Sam\n2) Toby\nChallenge: Show a plant the Garden City,
5,Race to the End of the World,Sam Denby; Toby Hendy,#7B1FA2,84,Air Force Museum Parking Lot,172.5478351,-43.5455653,,,,,,,,Present in Jet Lag: New Zealand (Season 5) \nMembers who visited:\n1) Sam\n2) Toby\nChallenge: Show a plant the Garden City,
5,Race to the End of the World,Sam Denby; Toby Hendy,#7B1FA2,85,Air Force Museum of New Zealand,172.5478733,-43.5463065,,,,,,,,Present in Jet Lag: New Zealand (Season 5) \nMembers who visited:\n1) Sam\n2) Toby\nChallenge: Show a plant the Garden City,
5,Race to the End of the World,Sam Denby; Toby Hendy,#7B1FA2,86,Mitre 10 MEGA Hornby Parking lot,172.528793310033,-43.5422346219257,,,,,,,,Present in Jet Lag: New Zealand (Season 5) \nMembers who visited:\n1) Sam\n2) Toby\nChallenge: Ride your snowboard at Timaru Skate Park,
5,Race to the End of the World,Sam Denby; Toby Hendy,#7B1FA2,87,Mitre 10 MEGA Hornby,172.5277279,-43.541857,,,,,,,,Present in Jet Lag: New Zealand (Season 5) \nMembers who visited:\n1) Sam\n2) Toby\nChallenge: Ride your snowboard at Timaru Skate Park,
5,Race to the End of the World,Sam Denby; Toby Hendy,#7B1FA2,88,Community Skateboard Park,171.2474852,-44.3891096,,,,,,,,Present in Jet Lag: New Zealand (Season 5) \nMembers who visited:\n1) Sam\n2) Toby\nChallenge: Ride your snowboard at Timaru Skate Park,
5,Race to the End of the World,Sam Denby; Toby Hendy,#7B1FA2,89,Elephant Rocks Car Park,170.6585671,-44.8934643,,,,,,,,Present in Jet Lag: New Zealand (Season 5) \nMembers who visited:\n1) Sam\n2) Toby\nChallenge: Remember at the Elephant Rocks,
5,Race to the End of the World,Sam Denby; Toby Hendy,#7B1FA2,90,Elephant Rocks,170.6560906,-44.8935508,,,,,,,,Present in Jet Lag: New Zealand (Season 5) \nMembers who visited:\n1) Toby\nChallenge: Remember at the Elephant Rocks,
5,Race to the End of the World,Sam Denby; Toby Hendy,#7B1FA2,91,Elephant Rock #5,170.655769016902,-44.8932221077878,,,,,,,,Present in Jet Lag: New Zealand (Season 5) \nMembers who visited:\n1) Toby\nChallenge: Remember at the Elephant Rocks,
5,Race to the End of the World,Sam Denby; Toby Hendy,#7B1FA2,92,Elephant Rock #2,170.655933563461,-44.8930022685024,,,,,,,,Present in Jet Lag: New Zealand (Season 5) \nMembers who visited:\n1) Toby\nChallenge: Remember at the Elephant Rocks,
5,Race to the End of the World,Sam Denby; Toby Hendy,#7B1FA2,93,Elephant Rock #4,170.656230306977,-44.8931363499664,,,,,,,,Present in Jet Lag: New Zealand (Season 5) \nMembers who visited:\n1) Toby\nChallenge: Remember at the Elephant Rocks,
5,Race to the End of the World,Sam Denby; Toby Hendy,#7B1FA2,94,Elephant Rock #6,170.65562671148,-44.8933094695207,,,,,,,,Present in Jet Lag: New Zealand (Season 5) \nMembers who visited:\n1) Toby\nChallenge: Remember at the Elephant Rocks,
5,Race to the End of the World,Sam Denby; Toby Hendy,#7B1FA2,95,Elephant Rock #0,170.656470531032,-44.8928786270936,,,,,,,,Present in Jet Lag: New Zealand (Season 5) \nMembers who visited:\n1) Toby\nChallenge: Remember at the Elephant Rocks,
5,Race to the End of the World,Sam Denby; Toby Hendy,#7B1FA2,96,Elephant Rock #3,170.656404580622,-44.8930763477957,,,,,,,,Present in Jet Lag: New Zealand (Season 5) \nMembers who visited:\n1) Toby\nChallenge: Remember at the Elephant Rocks,
5,Race to the End of the World,Sam Denby; Toby Hendy,#7B1FA2,97,Elephant Rock #8,170.655645105885,-44.8934810097492,,,,,,,,Present in Jet Lag: New Zealand (Season 5) \nMembers who visited:\n1) Toby\nChallenge: Remember at the Elephant Rocks,
5,Race to the End of the World,Sam Denby; Toby Hendy,#7B1FA2,98,Wanaka Tree Parking Lot,169.11956960073,-44.6999049765892,,,,,,,,Present in Jet Lag: New Zealand (Season 5) \nMembers who visited:\n1) Sam\n2) Toby\nChallenge: Create content at That Wanaka Tree,
5,Race to the End of the World,Sam Denby; Toby Hendy,#7B1FA2,99,#ThatWanakaTree,169.1174237,-44.6985828,,,,,,,,Present in Jet Lag: New Zealand (Season 5) \nMembers who visited:\n1) Sam\n2) Toby\nChallenge: Create content at That Wanaka Tree,
5,Race to the End of the World,Sam Denby; Toby Hendy,#7B1FA2,100,Cardrona Bra Fence Parking Lot,169.018961028384,-44.8634468135745,,,,,,,,Present in Jet Lag: New Zealand (Season 5) \nMembers who visited:\n1) Sam\n2) Toby\nChallenge: Find ten green bras on the Cardrona Bra Fence,
5,Race to the End of the World,Sam Denby; Toby Hendy,#7B1FA2,101,Cardrona Bra Fence,169.0187828,-44.8635902,,,,,,,,Present in Jet Lag: New Zealand (Season 5) \nMembers who visited:\n1) Sam\n2) Toby\nChallenge: Find ten green bras on the Cardrona Bra Fence,
5,Race to the End of the World,Sam Denby; Toby Hendy,#7B1FA2,102,Sam and Toby Ending Spot Day 4,168.94543659708,-44.9768581457196,,,,,,,,Present in Jet Lag: New Zealand (Season 5) \nMembers who visited:\n1) Sam\n2) Toby\nThe point where Sam and Toby end for Day #4,4
5,Race to the End of the World,Sam Denby; Toby Hendy,#7B1FA2,103,Kawarau Parking Lot,168.9007713,-45.0096136,,,,,,,,Present in Jet Lag: New Zealand (Season 5) \nMembers who visited:\n1) Sam\n2) Toby\nChallenge: Go extreme in Queestown\nCurse: You get no reward for your next challenge (Sam and Toby),
5,Race to the End of the World,Sam Denby; Toby Hendy,#7B1FA2,104,AJ Hackett Kawarau Bungy Centre,168.900145,-45.009472,,,,,,,,Present in Jet Lag: New Zealand (Season 5) \nMembers who visited:\n1) Sam\n2) Toby\nChallenge: Go extreme in Queestown\nCurse: You get no reward for your next challenge (Sam and Toby),
5,Race to the End of the World,Sam Denby; Toby Hendy,#7B1FA2,105,Kawarau Gorge Suspension Bridge,168.8998691,-45.0088448,,,,,,,,Present in Jet Lag: New Zealand (Season 5) \nMembers who visited:\n1) Sam\nChallenge: Go extreme in Queestown\nCurse: You get no reward for your next challenge (Sam and Toby),
5,Race to the End of the World,Sam Denby; Toby Hendy,#7B1FA2,106,Countdown Queestown Parking Lot,168.741622137673,-45.0132256577071,,,,,,,,Present in Jet Lag: New Zealand (Season 5) \nMembers who visited:\n1) Sam\n2) Toby\nChallenge: Devil an egg at the Devil's Staircase,
5,Race to the End of the World,Sam Denby; Toby Hendy,#7B1FA2,107,Countdown Queenstown,168.741984,-45.013503,,,,,,,,Present in Jet Lag: New Zealand (Season 5) \nMembers who visited:\n1) Sam\n2) Toby\nChallenge: Devil an egg at the Devil's Staircase,
5,Race to the End of the World,Sam Denby; Toby Hendy,#7B1FA2,108,Sam and Toby Devil Eggs Spot,168.7429069,-45.2458091,,,,,,,,Present in Jet Lag: New Zealand (Season 5) \nMembers who visited:\n1) Sam\n2) Toby\nChallenge: Devil an egg at the Devil's Staircase,
5,Race to the End of the World,Sam Denby; Toby Hendy,#7B1FA2,109,Stirling Point Parking Lot,168.3571111,-46.6133611,,,,,,,,Present in Jet Lag: New Zealand (Season 5) \nMembers who visited:\n1) Sam\n2) Toby\n3) Adam\n4) Ben,
5,Race to the End of the World,Sam Denby; Toby Hendy,#7B1FA2,110,Lookout Point,168.3283531,-46.6238337,,,,,,,,Present in Jet Lag: New Zealand (Season 5) \nMembers who visited:\n1) Sam\n2) Toby\n3) Adam\n4) Ben,
5,Race to the End of the World,Sam Denby; Toby Hendy,#7B1FA2,111,Beautiful Lookout - edge of the Bluff - invercargill,168.3276065,-46.6239997,,,,,,,,Present in Jet Lag: Battle for America (Season 4) \nMembers who visited:\n1) Sam\n2) Toby\n3) Adam \n4) Ben\nThe final location of Season 5 (Sam and Toby are victorious),
5,Race to the End of the World,Adam Chase; Ben Doyle,#D32F2F,0,Season 5 Cape Reinga Starting Spot,172.677479176482,-34.4266596027874,,,,,,,,The starting point of Jet Lag: New Zealand (Season 5)\nMembers who visited:\n1) Sam\n2) Toby\n3) Adam\n4) Ben,
5,Race to the End of the World,Adam Chase; Ben Doyle,#D32F2F,1,Cape Reinga Parking Area,172.6822688,-34.4300349,,,,,,,,Present in Jet Lag: New Zealand (Season 5)\nMembers who visited:\n1) Sam\n2) Toby\n3) Adam\n4) Ben,
5,Race to the End of the World,Adam Chase; Ben Doyle,#D32F2F,2,Parking Sand Dunes,172.773499129508,-34.5242847688932,,,,,,,,Present in Jet Lag: New Zealand (Season 5) \nMembers who visited:\n1) Sam\n2) Toby\n3) Adam\n4) Ben\nChallenge: Sandboard at Te Paki Sand Dunes,
5,Race to the End of the World,Adam Chase; Ben Doyle,#D32F2F,3,Giant Sand Dunes,172.77394,-34.5248998,,,,,,,,Present in Jet Lag: New Zealand (Season 5) \nMembers who visited:\n1) Sam\n2) Toby\n3) Adam\n4) Ben\nChallenge: Sandboard at Te Paki Sand Dunes,
5,Race to the End of the World,Adam Chase; Ben Doyle,#D32F2F,4,PAK'nSAVE Kaitaia,173.25860070583,-35.0993668300514,,,,,,,,Present in Jet Lag: New Zealand (Season 5) \nMembers who visited:\n1) Adam\n2) Ben\nChallenge: Make a plentiful sandwich at Kaitaia,
5,Race to the End of the World,Adam Chase; Ben Doyle,#D32F2F,5,Bells Produce,173.2592101,-35.1010485,,,,,,,,Present in Jet Lag: New Zealand (Season 5) \nMembers who visited:\n1) Adam\n2) Ben\nChallenge: Make a plentiful sandwich at Kaitaia,
5,Race to the End of the World,Adam Chase; Ben Doyle,#D32F2F,6,Kaitaia Food Market,173.2645824,-35.114815,,,,,,,,Present in Jet Lag: New Zealand (Season 5) \nMembers who visited:\n1) Adam\n2) Ben\nChallenge: Make a plentiful sandwich at Kaitaia,
5,Race to the End of the World,Adam Chase; Ben Doyle,#D32F2F,7,Turkish Kebabs & Pizzas,173.264888,-35.1156844,,,,,,,,Present in Jet Lag: New Zealand (Season 5) \nMembers who visited:\n1) Adam\n2) Ben\nChallenge: Make a plentiful sandwich at Kaitaia,
5,Race to the End of the World,Adam Chase; Ben Doyle,#D32F2F,8,Kaitaia Welcome Sign,173.2700016,-35.121054,,,,,,,,Present in Jet Lag: New Zealand (Season 5) \nMembers who visited:\n1) Adam\n2) Ben\nChallenge: Make a plentiful sandwich at Kaitaia,
5,Race to the End of the World,Adam Chase; Ben Doyle,#D32F2F,9,Okaihau Fire Station Parking Spot,173.771358487808,-35.3208161686856,,,,,,,,Present in Jet Lag: New Zealand (Season 5) \nMembers who visited:\n1) Adam\n2) Ben\nChallenge: Sing the Ōkaihau Express in Ōkaihau Rail Tunnel,
5,Race to the End of the World,Adam Chase; Ben Doyle,#D32F2F,10,Okaihau Rail Tunnel,173.770416845213,-35.3206118479275,,,,,,,,Present in Jet Lag: New Zealand (Season 5) \nMembers who visited:\n1) Adam\n2) Ben\nChallenge: Sing the Ōkaihau Express in Ōkaihau Rail Tunnel,
5,Race to the End of the World,Adam Chase; Ben Doyle,#D32F2F,11,Adam and Ben Paihia Parking Spot,174.090762104084,-35.2824758924598,,,,,,,,Present in Jet Lag: New Zealand (Season 5) \nMembers who visited:\n1) Adam\n2) Ben\nChallenge: Complete a cream trip at the Bay of Islands,
5,Race to the End of the World,Adam Chase; Ben Doyle,#D32F2F,12,Countdown Paihia Central,174.0911481,-35.2822583,,,,,,,,Present in Jet Lag: New Zealand (Season 5) \nMembers who visited:\n1) Adam\n2) Ben\nChallenge: Complete a cream trip at the Bay of Islands,
5,Race to the End of the World,Adam Chase; Ben Doyle,#D32F2F,13,Bay Beach Hire,174.09632498938,-35.2847945228975,,,,,,,,Present in Jet Lag: New Zealand (Season 5) \nMembers who visited:\n1) Adam\n2) Ben\nChallenge: Complete a cream trip at the Bay of Islands,
5,Race to the End of the World,Adam Chase; Ben Doyle,#D32F2F,14,Adam and Ben Kayak Spot,174.096344972074,-35.2846817181408,,,,,,,,Present in Jet Lag: New Zealand (Season 5) \nMembers who visited:\n1) Adam\n2) Ben\nChallenge: Complete a cream trip at the Bay of Islands,
5,Race to the End of the World,Adam Chase; Ben Doyle,#D32F2F,15,Adam and Ben Cream Island #1,174.100481973441,-35.2834265399392,,,,,,,,Present in Jet Lag: New Zealand (Season 5) \nMembers who visited:\n1) Adam\n2) Ben\nChallenge: Complete a cream trip at the Bay of Islands,
5,Race to the End of the World,Adam Chase; Ben Doyle,#D32F2F,16,Adam and Ben Cream Island #2,174.097562538747,-35.2780379539617,,,,,,,,Present in Jet Lag: New Zealand (Season 5) \nMembers who visited:\n1) Adam\n2) Ben\nChallenge: Complete a cream trip at the Bay of Islands,
5,Race to the End of the World,Adam Chase; Ben Doyle,#D32F2F,17,Adam and Ben Cream Island #3,174.094458434729,-35.276407416465,,,,,,,,Present in Jet Lag: New Zealand (Season 5) \nMembers who visited:\n1) Adam\n2) Ben\nChallenge: Complete a cream trip at the Bay of Islands,
5,Race to the End of the World,Adam Chase; Ben Doyle,#D32F2F,18,Adam and Ben Hundertwasser Parking Spot,174.067538516064,-35.3801828464969,,,,,,,,Present in Jet Lag: New Zealand (Season 5) \nMembers who visited:\n1) Adam\n2) Ben\nChallenge: Use the Hundertwasser Public Toilets,
5,Race to the End of the World,Adam Chase; Ben Doyle,#D32F2F,19,Hundertwasser Public Toilets,174.0669235,-35.3799433,,,,,,,,Present in Jet Lag: New Zealand (Season 5) \nMembers who visited:\n1) Adam\n2) Ben\nChallenge: Use the Hundertwasser Public Toilets,
5,Race to the End of the World,Adam Chase; Ben Doyle,#D32F2F,20,Adrenalin Adventure Park,174.219742628335,-35.5922101795985,,,,,,,,Present in Jet Lag: New Zealand (Season 5) \nMembers who visited:\n1) Adam\n2) Ben\nChallenge: Go extreme at Adrenalin Adventure Park,
5,Race to the End of the World,Adam Chase; Ben Doyle,#D32F2F,21,McDonald's Whangarei,174.321501,-35.718649,,,,,,,,Present in Jet Lag: New Zealand (Season 5) \nMembers who visited:\n1) Adam\n2) Ben,
5,Race to the End of the World,Adam Chase; Ben Doyle,#D32F2F,22,Adam and Ben Claphams Parking Lot,174.326168533694,-35.7254657834986,,,,,,,,Present in Jet Lag: New Zealand (Season 5) \nMembers who visited:\n1) Adam\n2) Ben\nChallenge: Find the time at Clapham's National Clock Museum,
5,Race to the End of the World,Adam Chase; Ben Doyle,#D32F2F,23,Claphams National Clock Museum,174.3264949,-35.7251359,,,,,,,,Present in Jet Lag: New Zealand (Season 5) \nMembers who visited:\n1) Adam\n2) Ben\nChallenge: Find the time at Clapham's National Clock Museum,
5,Race to the End of the World,Adam Chase; Ben Doyle,#D32F2F,24,Adam and Ben Waipu Cave Parking Lot,174.348320118582,-35.9340845321359,,,,,,,,Present in Jet Lag: New Zealand (Season 5) \nMembers who visited:\n1) Adam\n2) Ben\nChallenge: Find glowworms at Waipu Caves,
5,Race to the End of the World,Adam Chase; Ben Doyle,#D32F2F,25,Waipu Caves,174.349524124714,-35.9335593795239,,,,,,,,Present in Jet Lag: New Zealand (Season 5) \nMembers who visited:\n1) Adam\n2) Ben\nChallenge: Find glowworms at Waipu Caves,
5,Race to the End of the World,Adam Chase; Ben Doyle,#D32F2F,26,Roadblock #1 Spot,174.513021,-36.274129,,,,,,,,Present in Jet Lag: New Zealand (Season 5) \nMembers who visited:\n1) Sam\n2) Toby\n3) Adam\n4) Ben\nThe spot where Toby deployed the first roadblock of Season 5\nRoadblock: Destroy one ring,
5,Race to the End of the World,Adam Chase; Ben Doyle,#D32F2F,27,GAS Te Hana,174.5090831,-36.2553267,,,,,,,,Present in Jet Lag: New Zealand (Season 5) \nMembers who visited:\n1) Adam\n2) Ben\nRoadblock: Destroy one ring,
5,Race to the End of the World,Adam Chase; Ben Doyle,#D32F2F,28,Roadblock #2 Spot,174.671204,-36.510617,,,,,,,,Present in Jet Lag: New Zealand (Season 5) \nMembers who visited:\n1) Sam\n2) Toby\n3) Adam\n4) Ben\nThe spot where Toby deployed the second roadblock of Season 5\nRoadblock: Handstand for 60 seconds,
5,Race to the End of the World,Adam Chase; Ben Doyle,#D32F2F,29,Adam and Ben Ending Spot Day 1,174.6481944,-36.4300556,,,,,,,,Present in Jet Lag: New Zealand (Season 5) \nMembers who visited:\n1) Adam\n2) Ben\nThe point where Adam and Ben end for Day #1,1
5,Race to the End of the World,Adam Chase; Ben Doyle,#D32F2F,30,Adam Handstand Spot,174.672625916545,-36.5106559929667,,,,,,,,Present in Jet Lag: New Zealand (Season 5) \nMembers who visited:\n1) Adam\nRoadblock: Handstand for 60 seconds,
5,Race to the End of the World,Adam Chase; Ben Doyle,#D32F2F,31,17 Vogel Ln Parking,174.76111,-36.84725,,,,,,,,Present in Jet Lag: New Zealand (Season 5) \nMembers who visited:\n1) Adam\n2) Ben\nCurse: Only walk forward after rolling a die (Adam and Ben),
5,Race to the End of the World,Adam Chase; Ben Doyle,#D32F2F,32,77 convenience store,174.7619077,-36.8479106,,,,,,,,Present in Jet Lag: New Zealand (Season 5) \nMembers who visited:\n1) Adam\n2) Ben\nCurse: Only walk forward after rolling a die (Adam and Ben),
5,Race to the End of the World,Adam Chase; Ben Doyle,#D32F2F,33,Sky Tower,174.762191,-36.848448,,,,,,,,Present in Jet Lag: New Zealand (Season 5) \nMembers who visited:\n1) Sam\n2) Toby\n3) Adam\n4) Ben\nThe location of the first successful Nerf shot by Adam on Sam\nChallenge: Destroy 5 rings at 5 volcanoes \nCurse: Only walk forward after rolling a die (Adam and Ben)\nCurse: Eat at the next visible McDonald's (Sam and Toby),
5,Race to the End of the World,Adam Chase; Ben Doyle,#D32F2F,34,Adam and Ben Bike/Scooter Pick-Up Spot,174.761726510862,-36.848140827417,,,,,,,,Present in Jet Lag: New Zealand (Season 5) \nMembers who visited:\n1) Adam\n2) Ben\nChallenge: Destroy 5 rings at 5 volcanoes\nCurse: Only walk forward after rolling a die (Adam and Ben),
5,Race to the End of the World,Adam Chase; Ben Doyle,#D32F2F,35,Albert Park,174.7678881,-36.8506426,,,,,,,,Present in Jet Lag: New Zealand (Season 5) \nMembers who visited:\n1) Sam\n2) Toby\n3) Adam\n4) Ben\nChallenge: Destroy 5 rings at 5 volcanoes\nCurse: Only walk forward after rolling a die (Adam and Ben)\nCurse: Eat at the next visible McDonald's (Sam and Toby),
5,Race to the End of the World,Adam Chase; Ben Doyle,#D32F2F,36,Adam and Ben Grafton Spot,174.76712649745,-36.8603718401015,,,,,,,,Present in Jet Lag: New Zealand (Season 5) \nMembers who visited:\n1) Adam\n2) Ben\nChallenge: Destroy 5 rings at 5 volcanoes\nCurse: Only walk forward after rolling a die (Adam and Ben),
5,Race to the End of the World,Adam Chase; Ben Doyle,#D32F2F,37,Auckland Domain,174.7754857,-36.858931,,,,,,,,Present in Jet Lag: New Zealand (Season 5) \nMembers who visited:\n1) Sam\n2) Toby\n3) Adam\n4) Ben\nChallenge: Destroy 5 rings at 5 volcanoes\nCurse: Only walk forward after rolling a die (Adam and Ben)\nCurse: Eat at the next visible McDonald's (Sam and Toby),
5,Race to the End of the World,Adam Chase; Ben Doyle,#D32F2F,38,Nerf Spot #2,174.762024720733,-36.8498881826686,,,,,,,,Present in Jet Lag: New Zealand (Season 5) \nMembers who visited:\n1) Sam\n2) Toby\n3) Adam\n4) Ben\nThe location of the second successful Nerf shot by Sam on Adam\nChallenge: Destroy 5 rings at 5 volcanoes\nCurse: Only walk forward after rolling a die (Adam and Ben)\nCurse: Eat at the next visible McDonald's (Sam and Toby),
5,Race to the End of the World,Adam Chase; Ben Doyle,#D32F2F,39,Adam and Ben Nerf Waiting Spot,174.761881658766,-36.8497823825666,,,,,,,,Present in Jet Lag: New Zealand (Season 5) \nMembers who visited:\n1) Adam\n2) Ben\nChallenge: Destroy 5 rings at 5 volcanoes\nCurse: Only walk forward after rolling a die (Adam and Ben),
5,Race to the End of the World,Adam Chase; Ben Doyle,#D32F2F,40,Te Pou Haiwiki,174.76648960335,-36.8819183253824,,,,,,,,Present in Jet Lag: New Zealand (Season 5) \nMembers who visited:\n1) Adam\n2) Ben\nChallenge: Destroy 5 rings at 5 volcanoes\nCurse: Only walk forward after rolling a die (Adam and Ben),
5,Race to the End of the World,Adam Chase; Ben Doyle,#D32F2F,41,Little Rangitoto Reserve,174.8095355,-36.8756155,,,,,,,,Present in Jet Lag: New Zealand (Season 5) \nMembers who visited:\n1) Sam\n2) Toby\n3) Adam\n4) Ben\nChallenge: Destroy 5 rings at 5 volcanoes\nCurse: Only walk forward after rolling a die (Adam and Ben)\nCurse: Eat at the next visible McDonald's (Sam and Toby),
5,Race to the End of the World,Adam Chase; Ben Doyle,#D32F2F,42,Adam and Ben ZORB Car Park,176.221457009787,-38.1036835576226,,,,,,,,Present in Jet Lag: New Zealand (Season 5) \nMembers who visited:\n1) Adam\n2) Ben\nChallenge: Complete a ZORB track,
5,Race to the End of the World,Adam Chase; Ben Doyle,#D32F2F,43,ZORB™ Rotorua,176.217956757823,-38.1051665686925,,,,,,,,Present in Jet Lag: New Zealand (Season 5) \nMembers who visited:\n1) Adam\n2) Ben\nChallenge: Complete a ZORB track,
5,Race to the End of the World,Adam Chase; Ben Doyle,#D32F2F,44,Countdown Fairy Springs,176.2284031,-38.1204139,,,,,,,,Present in Jet Lag: New Zealand (Season 5) \nMembers who visited:\n1) Adam\n2) Ben\nChallenge: Eat cheese at a relaxing hot spring,
5,Race to the End of the World,Adam Chase; Ben Doyle,#D32F2F,45,Kerosene Creek Car Park,176.386184485039,-38.334037394931,,,,,,,,Present in Jet Lag: New Zealand (Season 5) \nMembers who visited:\n1) Adam\n2) Ben\nChallenge: Eat cheese at a relaxing hot spring,
5,Race to the End of the World,Adam Chase; Ben Doyle,#D32F2F,46,Kerosene Creek,176.3863009,-38.3345422,,,,,,,,Present in Jet Lag: New Zealand (Season 5) \nMembers who visited:\n1) Adam\n2) Ben\nChallenge: Eat cheese at a relaxing hot spring,
5,Race to the End of the World,Adam Chase; Ben Doyle,#D32F2F,47,Roadblock #3 Spot,175.493266576841,-39.1602952104277,,,,,,,,Present in Jet Lag: New Zealand (Season 5) \nMembers who visited:\n1) Sam\n2) Toby\n3) Adam\n4) Ben\nThe spot where Toby deployed the third roadblock of Season 5\nRoadblock: Wear a new hat,
5,Race to the End of the World,Adam Chase; Ben Doyle,#D32F2F,48,Adam and Ben Ending Spot Day 2,175.153999206285,-39.8432803059912,,,,,,,,Present in Jet Lag: New Zealand (Season 5) \nMembers who visited:\n1) Adam\n2) Ben\nThe point where Adam and Ben end for Day #2,2
5,Race to the End of the World,Adam Chase; Ben Doyle,#D32F2F,49,Adam and Ben Wanganui Parking Spot,175.0504459,-39.9309011,,,,,,,,Present in Jet Lag: New Zealand (Season 5) \nMembers who visited:\n1) Adam\n2) Ben\nChallenge: Find Whanganui/Wanganui,
5,Race to the End of the World,Adam Chase; Ben Doyle,#D32F2F,50,Wanganui Money Lenders (Wanganui #1),175.0502353,-39.9309022,,,,,,,,Present in Jet Lag: New Zealand (Season 5) \nMembers who visited:\n1) Adam\n2) Ben\nChallenge: Find Whanganui/Wanganui,
5,Race to the End of the World,Adam Chase; Ben Doyle,#D32F2F,51,Noodle Canteen (Wanganui #2),175.0506971,-39.9319896,,,,,,,,Present in Jet Lag: New Zealand (Season 5) \nMembers who visited:\n1) Adam\n2) Ben\nChallenge: Find Whanganui/Wanganui,
5,Race to the End of the World,Adam Chase; Ben Doyle,#D32F2F,52,The Co-operative Bank (Wanganui #3),175.0506396,-39.9322778,,,,,,,,Present in Jet Lag: New Zealand (Season 5) \nMembers who visited:\n1) Adam\n2) Ben\nChallenge: Find Whanganui/Wanganui,
5,Race to the End of the World,Adam Chase; Ben Doyle,#D32F2F,53,The Mainstreet Caboodle Banner (Whanganui #1),175.0509553,-39.932295,,,,,,,,Present in Jet Lag: New Zealand (Season 5) \nMembers who visited:\n1) Adam\n2) Ben\nChallenge: Find Whanganui/Wanganui,
5,Race to the End of the World,Adam Chase; Ben Doyle,#D32F2F,54,BNZ Whanganui (Whanganui #2),175.0509375,-39.932096,,,,,,,,Present in Jet Lag: New Zealand (Season 5) \nMembers who visited:\n1) Adam\n2) Ben\nChallenge: Find Whanganui/Wanganui,
5,Race to the End of the World,Adam Chase; Ben Doyle,#D32F2F,55,Whanganui Kiwibank (Whanganui #3),175.0509694,-39.9324738,,,,,,,,Present in Jet Lag: New Zealand (Season 5) \nMembers who visited:\n1) Adam\n2) Ben\nChallenge: Find Whanganui/Wanganui,
5,Race to the End of the World,Adam Chase; Ben Doyle,#D32F2F,56,Roadblock #4 Spot,175.441296733563,-40.5263330413592,,,,,,,,Present in Jet Lag: New Zealand (Season 5) \nMembers who visited:\n1) Sam\n2) Toby\n3) Adam\n4) Ben\nThe spot where Sam and Toby deployed the fourth roadblock of Season 5\nRoadblock: Eat something grape flavored,
5,Race to the End of the World,Adam Chase; Ben Doyle,#D32F2F,57,Roadblock #5 Spot,175.3149722,-40.6221667,,,,,,,,"Present in Jet Lag: New Zealand (Season 5) \nMembers who visited:\n1) Sam\n2) Toby\n3) Adam\n4) Ben\nThe spot where Sam and Toby deployed the fifth roadblock of Season 5 as well as where Toby violated the No E curse\nChallenge: Lead your teammate through the jungle blindfolded\nRoadblock: Play catch\nCurse: You may not say any words with the letter ""E"" (Sam and Toby)",
5,Race to the End of the World,Adam Chase; Ben Doyle,#D32F2F,58,Wellington Interislander Vehicle Check-in,174.7901923,-41.2620703,,,,,,,,Present in Jet Lag: New Zealand (Season 5) \nMembers who visited:\n1) Sam\n2) Toby\n3) Adam\n4) Ben,
5,Race to the End of the World,Adam Chase; Ben Doyle,#D32F2F,59,Interislander Ferry,174.7885483,-41.2635737,,,,,,,,Present in Jet Lag: New Zealand (Season 5) \nMembers who visited:\n1) Sam\n2) Toby\n3) Adam\n4) Ben,
5,Race to the End of the World,Adam Chase; Ben Doyle,#D32F2F,60,Adam and Ben 3:45 pm Ferry Waiting Spot,174.78275,-41.2893889,,,,,,,,Present in Jet Lag: New Zealand (Season 5) \nMembers who visited:\n1) Adam\n2) Ben\nThe spot where Adam and Ben await for their ferry at 3:45 pm,
5,Race to the End of the World,Adam Chase; Ben Doyle,#D32F2F,61,Picton Port,174.004960314631,-41.2840118225099,,,,,,,,Present in Jet Lag: New Zealand (Season 5) \nMembers who visited:\n1) Sam\n2) Toby\n3) Adam\n4) Ben,
5,Race to the End of the World,Adam Chase; Ben Doyle,#D32F2F,62,Furniture Galley Blenheim Parking Lot,173.960247898059,-41.5052531335065,,,,,,,,Present in Jet Lag: New Zealand (Season 5) \nMembers who visited:\n1) Adam\n2) Ben\nChallenge: Get drunk on local wine at the Wairau River,
5,Race to the End of the World,Adam Chase; Ben Doyle,#D32F2F,63,Thirsty Liquor Grove Road,173.9598286,-41.5052782,,,,,,,,Present in Jet Lag: New Zealand (Season 5) \nMembers who visited:\n1) Adam\n2) Ben\nChallenge: Get drunk on local wine at the Wairau River,
5,Race to the End of the World,Adam Chase; Ben Doyle,#D32F2F,64,Adam and Ben Ending Spot Day 3,173.1936111,-41.6680278,,,,,,,,Present in Jet Lag: New Zealand (Season 5) \nMembers who visited:\n1) Adam\n2) Ben\nThe point where Adam and Ben end for Day #3\nChallenge: Get drunk on local wine at the Wairau River,3
5,Race to the End of the World,Adam Chase; Ben Doyle,#D32F2F,65,Wairau river view point,173.0943568,-41.7162664,,,,,,,,Present in Jet Lag: New Zealand (Season 5) \nMembers who visited:\n1) Adam\n2) Ben\nChallenge: Get drunk on local wine at the Wairau River,
5,Race to the End of the World,Adam Chase; Ben Doyle,#D32F2F,66,Adam and Ben Math Minute Spot,172.8519489,-41.8009611,,,,,,,,Present in Jet Lag: New Zealand (Season 5) \nMembers who visited:\n1) Adam\n2) Ben\nChallenge: Complete a math minute in Saint Arnaud,
5,Race to the End of the World,Adam Chase; Ben Doyle,#D32F2F,67,Constant and Joyce Bays,171.4350719,-41.9040774,,,,,,,,Present in Jet Lag: New Zealand (Season 5) \nMembers who visited:\n1) Adam\n2) Ben\nChallenge: Skip a rock 6 times in the Constant and Joyce Bays,
5,Race to the End of the World,Adam Chase; Ben Doyle,#D32F2F,68,Adam and Ben Constant Bay Parking Spot,171.435690552765,-41.9039485647092,,,,,,,,Present in Jet Lag: New Zealand (Season 5) \nMembers who visited:\n1) Adam\n2) Ben\nChallenge: Skip a rock 6 times in the Constant and Joyce Bays,
5,Race to the End of the World,Adam Chase; Ben Doyle,#D32F2F,69,Mt George Track Car Park,171.2648215,-42.3296215,,,,,,,,Present in Jet Lag: New Zealand (Season 5) \nMembers who visited:\n1) Adam\n2) Ben\nChallenge: Find a starfish on the Motukiekie Beach Walk,
5,Race to the End of the World,Adam Chase; Ben Doyle,#D32F2F,70,Adam and Ben Starfish Parking Spot,171.2666389,-42.3273611,,,,,,,,Present in Jet Lag: New Zealand (Season 5) \nMembers who visited:\n1) Adam\n2) Ben\nChallenge: Find a starfish on the Motukiekie Beach Walk,
5,Race to the End of the World,Adam Chase; Ben Doyle,#D32F2F,71,Adam and Ben Starfish Spot,171.265571208523,-42.3276321316608,,,,,,,,Present in Jet Lag: New Zealand (Season 5) \nMembers who visited:\n1) Adam\n2) Ben\nChallenge: Find a starfish on the Motukiekie Beach Walk,
5,Race to the End of the World,Adam Chase; Ben Doyle,#D32F2F,72,Adam and Ben Stick Stick Gathering Trail,171.26643956528,-42.3273325170068,,,,,,,,"Present in Jet Lag: New Zealand (Season 5) \nMembers who visited:\n1) Adam\n2) Ben\nChallenge: Make your own ""Hokitika"" beach sign",
5,Race to the End of the World,Adam Chase; Ben Doyle,#D32F2F,73,Adam and Ben Hokitika Car Park Spot,170.962133256602,-42.7173914687746,,,,,,,,"Present in Jet Lag: New Zealand (Season 5) \nMembers who visited:\n1) Adam\n2) Ben\nChallenge: Make your own ""Hokitika"" beach sign",
5,Race to the End of the World,Adam Chase; Ben Doyle,#D32F2F,74,Hokitika discounter,170.9634105,-42.7178397,,,,,,,,"Present in Jet Lag: New Zealand (Season 5) \nMembers who visited:\n1) Adam\n2) Ben\nChallenge: Make your own ""Hokitika"" beach sign",
5,Race to the End of the World,Adam Chase; Ben Doyle,#D32F2F,75,Adam and Ben Hokitika Sign,170.9604722,-42.7166944,,,,,,,,"Present in Jet Lag: New Zealand (Season 5) \nMembers who visited:\n1) Adam\n2) Ben\nChallenge: Make your own ""Hokitika"" beach sign",
5,Race to the End of the World,Adam Chase; Ben Doyle,#D32F2F,76,New World,170.963112,-42.716206,,,,,,,,Present in Jet Lag: New Zealand (Season 5) \nMembers who visited:\n1) Adam\n2) Ben\nChallenge: Egg drop at the landing site of Guy Menzies,
5,Race to the End of the World,Adam Chase; Ben Doyle,#D32F2F,77,Adam and Ben Egg Drop Spot,170.531375735505,-43.0767596660644,,,,,,,,Present in Jet Lag: New Zealand (Season 5) \nMembers who visited:\n1) Adam\n2) Ben\nChallenge: Egg drop at the landing site of Guy Menzies,
5,Race to the End of the World,Adam Chase; Ben Doyle,#D32F2F,78,Knights Point Lookout Parking Lot,169.225541941942,-43.7152853664179,,,,,,,,Present in Jet Lag: New Zealand (Season 5) \nMembers who visited:\n1) Adam\n2) Ben\nChallenge: Identify 10 plants at Knights Point Lookout,
5,Race to the End of the World,Adam Chase; Ben Doyle,#D32F2F,79,Knights Point Lookout,169.225639321977,-43.7145735429494,,,,,,,,Present in Jet Lag: New Zealand (Season 5) \nMembers who visited:\n1) Adam\n2) Ben\nChallenge: Identify 10 plants at Knights Point Lookout,
5,Race to the End of the World,Adam Chase; Ben Doyle,#D32F2F,80,Adam and Ben Plant Reception Spot,169.269023121121,-43.7171729257513,,,,,,,,Present in Jet Lag: New Zealand (Season 5) \nMembers who visited:\n1) Adam\n2) Ben\nChallenge: Identify 10 plants at Knights Point Lookout,
5,Race to the End of the World,Adam Chase; Ben Doyle,#D32F2F,81,Haast River Bridge,169.0506049,-43.8556287,,,,,,,,Present in Jet Lag: New Zealand (Season 5) \nMembers who visited:\n1) Adam\n2) Ben\nChallenge: Complete a Haast Pass,
5,Race to the End of the World,Adam Chase; Ben Doyle,#D32F2F,82,Adam and Ben Haast River Parking Spot,169.0460833,-43.8558056,,,,,,,,Present in Jet Lag: New Zealand (Season 5) \nMembers who visited:\n1) Adam\n2) Ben\nChallenge: Complete a Haast Pass\nThe point where Adam and Ben end for Day #4,
5,Race to the End of the World,Adam Chase; Ben Doyle,#D32F2F,83,Adam and Ben Haast Practice Throw Spot,169.0514444,-43.8563889,,,,,,,,Present in Jet Lag: New Zealand (Season 5) \nMembers who visited:\n1) Adam\n2) Ben\nChallenge: Complete a Haast Pass,
5,Race to the End of the World,Adam Chase; Ben Doyle,#D32F2F,84,Adam and Ben Haast Real Throw Spot #1,169.0524167,-43.8607778,,,,,,,,Present in Jet Lag: New Zealand (Season 5) \nMembers who visited:\n1) Adam\n2) Ben\nChallenge: Complete a Haast Pass,
5,Race to the End of the World,Adam Chase; Ben Doyle,#D32F2F,85,Adam and Ben Haast Real Throw Spot #2,169.053139030193,-43.8609711840111,,,,,,,,Present in Jet Lag: New Zealand (Season 5) \nMembers who visited:\n1) Adam\n2) Ben\nChallenge: Complete a Haast Pass,
5,Race to the End of the World,Adam Chase; Ben Doyle,#D32F2F,86,Four Square Parking,168.4416111,-45.7389167,,,,,,,,Present in Jet Lag: New Zealand (Season 5) \nMembers who visited:\n1) Adam\n2) Ben\nChallenge: Transport a box of macaroni down Elbow Lane with your elbows,
5,Race to the End of the World,Adam Chase; Ben Doyle,#D32F2F,87,Four Square Lumsden,168.4414425,-45.7389009,,,,,,,,Present in Jet Lag: New Zealand (Season 5) \nMembers who visited:\n1) Adam\n2) Ben\nChallenge: Transport a box of macaroni down Elbow Lane with your elbows,
5,Race to the End of the World,Adam Chase; Ben Doyle,#D32F2F,88,Elbow Lane,168.442316379723,-45.7403866902691,,,,,,,,Present in Jet Lag: New Zealand (Season 5) \nMembers who visited:\n1) Adam\n2) Ben\nChallenge: Transport a box of macaroni down Elbow Lane with your elbows,
5,Race to the End of the World,Adam Chase; Ben Doyle,#D32F2F,89,Elbow Lane Parking Spot,168.4423611,-45.7403333,,,,,,,,Present in Jet Lag: New Zealand (Season 5) \nMembers who visited:\n1) Adam\n2) Ben\nChallenge: Transport a box of macaroni down Elbow Lane with your elbows,
5,Race to the End of the World,Adam Chase; Ben Doyle,#D32F2F,90,Macaroni Drop Spot,168.442445399869,-45.7404194484602,,,,,,,,Present in Jet Lag: New Zealand (Season 5) \nMembers who visited:\n1) Adam\n2) Ben\nChallenge: Transport a box of macaroni down Elbow Lane with your elbows\nThe spot where the fateful macaroni dropped and knocked Adam and Ben out from winning Season 5,
5,Race to the End of the World,Adam Chase; Ben Doyle,#D32F2F,91,Stirling Point Parking Lot,168.3571111,-46.6133611,,,,,,,,Present in Jet Lag: New Zealand (Season 5) \nMembers who visited:\n1) Sam\n2) Toby\n3) Adam\n4) Ben,
5,Race to the End of the World,Adam Chase; Ben Doyle,#D32F2F,92,Lookout Point,168.3283531,-46.6238337,,,,,,,,Present in Jet Lag: New Zealand (Season 5) \nMembers who visited:\n1) Sam\n2) Toby\n3) Adam\n4) Ben,
5,Race to the End of the World,Adam Chase; Ben Doyle,#D32F2F,93,Beautiful Lookout - edge of the Bluff - invercargill,168.3276065,-46.6239997,,,,,,,,Present in Jet Lag: Battle for America (Season 4) \nMembers who visited:\n1) Sam\n2) Toby\n3) Adam \n4) Ben\nThe final location of Season 5 (Sam and Toby are victorious),
