season,journey_team,stop_index,leg_index,mode,note,players_override,quality,geometry
16,Adam Chase,0,0,train,"RTT+ verified options: 07:03 KGX → 09:31 Leeds → 10:59 Scarborough, or 07:06 KGX → 09:29 York → 10:59 Scarborough (the doc's original 07:00/08:00 options are infeasible per RTT+)",,unknown,
16,Adam Chase,5,0,train,"15:47 TPE (Scarborough–Manchester Vic service) via York, arr Leeds 16:12 (Colton Junction passed 15:52; arrived 45s early)",,unknown,
16,Adam Chase,6,0,train,Leeds → Hebden Bridge (service unspecified in doc),,unknown,
16,Adam Chase,8,0,train,Hebden Bridge → Milton Keynes (travel mode/service not stated in doc; doc's transport tab for Day 3 is empty),,unknown,
16,Adam Chase,10,0,train,Milton Keynes → Kendal (mode/service not stated in doc; likely via WCML/Oxenholme),,unknown,
16,Adam Chase,12,0,bus,41A bus Kendal–Oxenholme (Adam 'driving the bus'); buses from Oxenholme at 12:33/13:33 per doc,,unknown,
16,Adam Chase,13,0,train,Rail via Oxenholme → Carlisle (doc timeline: Carlisle 09:00; specific service not stated),,unknown,
16,Adam Chase,14,0,train,Carlisle → Dumfries (doc's train analysis for the Dumfries line; ~12:50-12:53 arrival),,unknown,
16,Ben Doyle,0,0,train,"KGX→York 11:03-13:30 (LNER) or 11:27-13:27 (Grand Central), then York→Leeds e.g. 14:08-15:23 (Northern) - not checked against timetables per doc",,unknown,
16,Ben Doyle,1,0,train,"15:43 from platform 15 towards Scarborough, arr Bridlington ~20:00",,unknown,
16,Ben Doyle,3,0,train,"08:12 Bridlington → Scarborough (class 170, RTT+ confirmed)",,unknown,
16,Ben Doyle,4,0,train,Ben's hide run: left Scarborough midday to hide at Hebden Bridge (~14:30 arrival); service unspecified in doc,,unknown,
16,Ben Doyle,7,0,train,Hebden Bridge → Milton Keynes (travel mode/service not stated in doc; Day 3 transport tab empty),,unknown,
16,Ben Doyle,9,0,train,MK → Kendal on the WCML (Hincaster clip ~12:45 on approach to Kendal); service unspecified in doc,,unknown,
16,Sam Denby,0,0,train,"KGX→York 11:03-13:30 (LNER) or 11:27-13:27 (Grand Central), then York→Leeds e.g. 14:08-15:23 (Northern)",,unknown,
16,Sam Denby,1,0,train,"15:43 from platform 15 towards Scarborough, arr Bridlington ~20:00",,unknown,
16,Sam Denby,3,0,train,"08:12 Bridlington → Scarborough (class 170, RTT+ confirmed)",,unknown,
16,Sam Denby,4,0,train,"15:47 TPE (Scarborough–Manchester Vic) via York, arr Leeds 16:12 (Colton Junction 15:52)",,unknown,
16,Sam Denby,5,0,train,Leeds → Hebden Bridge (service unspecified; doc lists Hebden Bridge departures from 17:17),,unknown,
16,Sam Denby,9,0,train,Milton Keynes → Kendal (mode/service not stated in doc),,unknown,
16,Sam Denby,11,0,bus,"41A bus Kendal–Oxenholme (clip: Sam+Adam, Adam 'driving the bus')",,unknown,
